상품명,등급,판매가,할인률,배송비,판매자,판매등급
[중고]주식타짜들의노하우,중,11000,61%,3500,꼬물꼬물,파워셀러
[중고]주식타짜들의노하우,중,12000,57%,3000,연두는찡찡이,전문셀러
[중고]주식타짜들의노하우,상,15000,46%,3000,연제중고책방,전문셀러
[중고]주식타짜들의노하우,상,15000,46%,3000,포시즌,파워셀러
[중고]주식타짜들의노하우,중,16000,43%,2500,우주점 중고매장대구범어역점, 
[중고]주식타짜들의노하우,중,16000,43%,2500,우주점 중고매장전주점, 
[중고]주식타짜들의노하우,중,16000,43%,2500,우주점 중고매장광주상무점, 
[중고]주식타짜들의노하우,상,16700,40%,2500,우주점 중고매장대전시청역점, 
[중고]주식타짜들의노하우,상,16700,40%,2500,우주점 중고매장동탄2하나로마트점, 
[중고]주식타짜들의노하우,상,16700,40%,2500,우주점 중고매장동탄2하나로마트점, 
[중고]주식타짜들의노하우(개미투자가들이알아서는안될),상,17100,39%,6000,달빛책방,전문셀러
[중고]주식타짜들의노하우,상,17200,39%,2500,우주점 중고매장천안신불당점, 
[중고]주식타짜들의노하우,상,17200,39%,2500,우주점 중고매장창원상남점, 
[중고]주식타짜들의노하우,상,18900,32%,3500,성내천책방,파워셀러
[중고]주식타짜들의노하우,상,18900,32%,3500,성내천책방,파워셀러
[중고]주식타짜들의노하우(개미투자가들이알아서는안될),상,19400,31%,4500,골라봐책방,전문셀러
[중고]주식타짜들의노하우,상,21000,25%,3500,성내천책방,파워셀러
[중고]주식타짜들의노하우,상,21000,25%,3500,성내천책방,파워셀러
[중고]주식타짜들의노하우,최상,23520,16%,3500,콩이,전문셀러
[중고]주식타짜들의노하우,최상,24000,14%,3000,산휘보헤미안,파워셀러
[중고]주식타짜들의노하우,최상,25100,10%,3500,KANG MALL,파워셀러
[중고]주식타짜들의노하우,최상,25200,10%,6200,26년판매중단,실버셀러
[중고]주식타짜들의노하우(개미투자가들이알아서는안될),상,27000,4%,6000,윤슬서가,전문셀러
[중고]주식타짜들의노하우(개미투자가들이알아서는안될),상,27800,1%,4500,글로벌독서클럽,전문셀러
[중고]주식타짜들의노하우(개미투자가들이알아서는안될),상,27800,1%,4500,글로벌독서클럽,전문셀러
[중고]주식타짜들의노하우,상,28000,0%,3300,엔젤홈,전문셀러
[중고]주식타짜들의노하우,최상,56560,0%,3500,지니Djinn,파워셀러
[중고]자동으로고수익을창출하는주식투자,최상,6840,60%,3500,만권당,골드셀러
[중고]자동으로고수익을창출하는주식투자,최상,6840,60%,3500,만권당,골드셀러
[중고]자동으로고수익을창출하는주식투자,최상,6840,60%,3500,만권당,골드셀러
[중고]자동으로고수익을창출하는주식투자,최상,6850,60%,3500,메라키,파워셀러
[중고]자동으로고수익을창출하는주식투자,상,6890,59%,3500,주희찬,실버셀러
[중고]자동으로고수익을창출하는주식투자,최상,8000,53%,2800,앤~북,전문셀러
[중고]자동으로고수익을창출하는주식투자,중,9400,45%,2500,우주점 중고매장수원시청역점, 
[중고]자동으로고수익을창출하는주식투자,중,9400,45%,2500,우주점 중고매장신림점, 
[중고]자동으로고수익을창출하는주식투자,중,9800,42%,2500,우주점 중고매장울산점, 
[중고]자동으로고수익을창출하는주식투자,최상,10200,40%,2500,우주점 중고매장인천구월점, 
[중고]자동으로고수익을창출하는주식투자,상,10200,40%,2500,우주점 중고매장대구동성로점, 
[중고]자동으로고수익을창출하는주식투자(감정에흔들리지않는멀티투자시스템),상,10500,38%,4500,24시중고도서,전문셀러
[중고]자동으로고수익을창출하는주식투자,최상,10700,37%,2500,우주점 중고매장구로디지털단지역점, 
[중고]자동으로고수익을창출하는주식투자,최상,10700,37%,2500,우주점 중고매장범계점, 
[중고]자동으로고수익을창출하는주식투자,최상,11200,34%,3500,임목삼,파워셀러
[중고]자동으로고수익을창출하는주식투자(감정에흔들리지않는멀티투자시스템),상,12800,25%,6000,지식의선율,전문셀러
[중고]자동으로고수익을창출하는주식투자,최상,13040,23%,2500,책속의책,전문셀러
[중고]자동으로고수익을창출하는주식투자,최상,13200,22%,2500,북코치,전문셀러
[중고]자동으로고수익을창출하는주식투자,최상,13260,22%,2500,21세기북,전문셀러
[중고]자동으로고수익을창출하는주식투자,최상,14200,16%,2500,21세기북,전문셀러
[중고]자동으로고수익을창출하는주식투자,최상,15300,10%,4000,북토리,전문셀러
[중고]자동으로고수익을창출하는주식투자,최상,15300,10%,4000,책조아,파워셀러
[중고]외워서바로써먹는단타공식,최상,11900,37%,3000,우리집은도서관,전문셀러
[중고]외워서바로써먹는단타공식,최상,12000,37%,3500,agapetoi,골드셀러
[중고]외워서바로써먹는단타공식,최상,12200,36%,2500,우주점 중고매장동탄점, 
[중고]외워서바로써먹는단타공식(투자수익올려줄지금당장사용가능한실전테크닉),최상,13600,28%,4500,참좋은이야기,전문셀러
[중고]외워서바로써먹는단타공식(투자수익올려줄지금당장사용가능한실전테크닉),상,13600,28%,4500,24시중고도서,전문셀러
[중고]외워서바로써먹는단타공식(투자수익올려줄지금당장사용가능한실전테크닉),상,13600,28%,4500,긴급세일책방,전문셀러
[중고]외워서바로써먹는단타공식(투자수익올려줄지금당장사용가능한실전테크닉),상,13600,28%,4500,24시중고도서,전문셀러
[중고]외워서바로써먹는단타공식(투자수익올려줄지금당장사용가능한실전테크닉),상,13600,28%,4500,긴급세일책방,전문셀러
[중고]외워서바로써먹는단타공식(투자수익올려줄지금당장사용가능한실전테크닉),상,14000,26%,4500,골라봐책방,전문셀러
[중고]외워서바로써먹는단타공식(투자수익올려줄지금당장사용가능한실전테크닉),최상,14200,25%,4500,늘봄책방,전문셀러
[중고]외워서바로써먹는단타공식,최상,14500,24%,3300,유튜북,전문셀러
[중고]외워서바로써먹는단타공식,최상,14600,23%,3900,youjinai,파워셀러
[중고]외워서바로써먹는단타공식,최상,14790,22%,2500,리틀북스,전문셀러
[중고]외워서바로써먹는단타공식,최상,15000,21%,3500,참존book,파워셀러
[중고]외워서바로써먹는단타공식,최상,15190,20%,3000,dam e-story,파워셀러
[중고]외워서바로써먹는단타공식,최상,15200,20%,4000,북토리,전문셀러
[중고]외워서바로써먹는단타공식,최상,15200,20%,4000,북토리,전문셀러
[중고]외워서바로써먹는단타공식,최상,15200,20%,4000,책조아,파워셀러
[중고]외워서바로써먹는단타공식,최상,15200,20%,4000,책조아,파워셀러
[중고]외워서바로써먹는단타공식(투자수익올려줄지금당장사용가능한실전테크닉),상,15300,19%,6000,이음서고,전문셀러
[중고]외워서바로써먹는단타공식(투자수익올려줄지금당장사용가능한실전테크닉),상,15300,19%,6000,준비된서점,파워셀러
[중고]외워서바로써먹는단타공식,최상,15310,19%,3000,몬스터북,전문셀러
[중고]외워서바로써먹는단타공식,최상,15600,18%,2500,북코치,전문셀러
[중고]외워서바로써먹는단타공식,최상,15840,17%,2500,책속의책,전문셀러
[중고]외워서바로써먹는단타공식,최상,15960,16%,3500,콩이,전문셀러
[중고]외워서바로써먹는단타공식(투자수익올려줄지금당장사용가능한실전테크닉),상,16100,15%,4500,따듯한책방,전문셀러
[중고]외워서바로써먹는단타공식(투자수익올려줄지금당장사용가능한실전테크닉),상,16100,15%,4500,따듯한책방,전문셀러
[중고]외워서바로써먹는단타공식(투자수익올려줄지금당장사용가능한실전테크닉),상,16100,15%,4500,따듯한책방,전문셀러
[중고]외워서바로써먹는단타공식(투자수익올려줄지금당장사용가능한실전테크닉),상,16100,15%,4500,따듯한책방,전문셀러
[중고]외워서바로써먹는단타공식(투자수익올려줄지금당장사용가능한실전테크닉),상,16100,15%,4500,글로벌독서클럽,전문셀러
[중고]외워서바로써먹는단타공식(투자수익올려줄지금당장사용가능한실전테크닉),상,16700,12%,6000,악어친구들,전문셀러
[중고]외워서바로써먹는단타공식,최상,17100,10%,2500,송설북,전문셀러
[중고]외워서바로써먹는단타공식,최상,17100,10%,2500,10억바라기,파워셀러
[중고]외워서바로써먹는단타공식(투자수익올려줄지금당장사용가능한실전테크닉),상,17100,10%,6000,지식의선율,전문셀러
[중고]외워서바로써먹는단타공식(투자수익올려줄지금당장사용가능한실전테크닉),상,17400,8%,6000,윤슬서가,전문셀러
[중고]외워서바로써먹는단타공식(투자수익올려줄지금당장사용가능한실전테크닉),상,18000,5%,4500,긴급세일책방,전문셀러
[중고]외워서바로써먹는단타공식(투자수익올려줄지금당장사용가능한실전테크닉),상,18000,5%,4500,글로벌독서클럽,전문셀러
[중고]외워서바로써먹는단타공식(투자수익올려줄지금당장사용가능한실전테크닉),상,18000,5%,4500,글로벌독서클럽,전문셀러
[중고]외워서바로써먹는단타공식(투자수익올려줄지금당장사용가능한실전테크닉),상,18000,5%,4500,글로벌독서클럽,전문셀러
